{
  "roc_auc": 0.9699074074074074,
  "avg_precision": 0.5714285714285714,
  "confusion_matrix@0.5": [
    [
      144,
      0
    ],
    [
      3,
      0
    ]
  ],
  "report@0.5": {
    "0": {
      "precision": 0.9795918367346939,
      "recall": 1.0,
      "f1-score": 0.9896907216494846,
      "support": 144.0
    },
    "1": {
      "precision": 0.0,
      "recall": 0.0,
      "f1-score": 0.0,
      "support": 3.0
    },
    "accuracy": 0.9795918367346939,
    "macro avg": {
      "precision": 0.4897959183673469,
      "recall": 0.5,
      "f1-score": 0.4948453608247423,
      "support": 147.0
    },
    "weighted avg": {
      "precision": 0.959600166597251,
      "recall": 0.9795918367346939,
      "f1-score": 0.9694929518199032,
      "support": 147.0
    }
  },
  "suggested_threshold_mm": 21.899249999999977,
  "water_columns_detected": [
    "sealevelpressure",
    "distance_cm",
    "level_pct"
  ]
}